Transaction_ID,Date,Merchant_ID,Business_ID,Status_Code,Amount
1,2025-01-01,1,1,1,94.57
2,2025-01-01,1,2,1,74.4
3,2025-01-01,1,3,1,101.26
4,2025-01-01,1,4,2,104.11
5,2025-01-01,2,1,1,75.73
6,2025-01-01,2,2,1,85.47
7,2025-01-01,2,3,1,106.92
8,2025-01-01,2,4,2,100.26
9,2025-01-01,3,1,1,119.75
10,2025-01-01,3,2,1,107.2
11,2025-01-01,3,3,1,133.19
12,2025-01-01,3,4,2,131.67
13,2025-01-01,4,1,1,135.99
14,2025-01-01,4,2,1,151.91
15,2025-01-01,4,3,1,142.01
16,2025-01-01,4,4,2,122.11
17,2025-01-01,5,1,1,155.53
18,2025-01-01,5,2,1,135.62
19,2025-01-01,5,3,1,163.18
20,2025-01-01,5,4,2,149.25
21,2025-01-01,6,1,1,162.23
22,2025-01-01,6,2,1,154.79
23,2025-01-01,6,3,1,183.34
24,2025-01-01,6,4,2,162.68
25,2025-01-01,7,1,1,173.58
26,2025-01-01,7,2,1,174.72
27,2025-01-01,7,3,1,187.98
28,2025-01-01,7,4,2,185.48
29,2025-01-01,8,1,1,201.19
30,2025-01-01,8,2,1,201.46
31,2025-01-01,8,3,1,227.12
32,2025-01-01,8,4,2,188.9
33,2025-01-02,1,1,1,82.32
34,2025-01-02,1,2,1,77.79
35,2025-01-02,1,3,1,99.24
36,2025-01-02,1,4,2,106.93
37,2025-01-02,2,1,1,103.29
38,2025-01-02,2,2,1,92.4
39,2025-01-02,2,3,1,92.63
40,2025-01-02,2,4,2,114.76
41,2025-01-02,3,1,1,131.15
42,2025-01-02,3,2,1,128.15
43,2025-01-02,3,3,1,110.02
44,2025-01-02,3,4,2,123.48
45,2025-01-02,4,1,1,136.75
46,2025-01-02,4,2,1,138.28
47,2025-01-02,4,3,1,148.07
48,2025-01-02,4,4,2,138.35
49,2025-01-02,5,1,1,160.18
50,2025-01-02,5,2,1,151.01
51,2025-01-02,5,3,1,154.34
52,2025-01-02,5,4,2,159.47
53,2025-01-02,6,1,1,143.14
54,2025-01-02,6,2,1,160.2
55,2025-01-02,6,3,1,157.94
56,2025-01-02,6,4,2,155.42
57,2025-01-02,7,1,1,175.87
58,2025-01-02,7,2,1,202.42
59,2025-01-02,7,3,1,167.01
60,2025-01-02,7,4,2,194.52
61,2025-01-02,8,1,1,169.76
62,2025-01-02,8,2,1,189.98
63,2025-01-02,8,3,1,197.44
64,2025-01-02,8,4,2,203.79
65,2025-01-03,1,1,1,100.67
66,2025-01-03,1,2,1,101.9
67,2025-01-03,1,3,1,84.77
68,2025-01-03,1,4,2,83.06
69,2025-01-03,2,1,1,117.87
70,2025-01-03,2,2,1,102.13
71,2025-01-03,2,3,1,85.86
72,2025-01-03,2,4,2,88.0
73,2025-01-03,3,1,1,106.21
74,2025-01-03,3,2,1,127.46
75,2025-01-03,3,3,1,122.14
76,2025-01-03,3,4,2,130.36
77,2025-01-03,4,1,1,128.59
78,2025-01-03,4,2,1,137.38
79,2025-01-03,4,3,1,144.38
80,2025-01-03,4,4,2,130.36
81,2025-01-03,5,1,1,156.85
82,2025-01-03,5,2,1,140.07
83,2025-01-03,5,3,1,144.55
84,2025-01-03,5,4,2,144.27
85,2025-01-03,6,1,1,147.06
86,2025-01-03,6,2,1,172.3
87,2025-01-03,6,3,1,157.96
88,2025-01-03,6,4,2,165.19
89,2025-01-03,7,1,1,187.21
90,2025-01-03,7,2,1,186.7
91,2025-01-03,7,3,1,189.98
92,2025-01-03,7,4,2,178.52
93,2025-01-03,8,1,1,188.65
94,2025-01-03,8,2,1,193.8
95,2025-01-03,8,3,1,169.69
96,2025-01-03,8,4,2,173.29
97,2025-01-04,1,1,1,70.16
98,2025-01-04,1,2,1,75.04
99,2025-01-04,1,3,1,96.0
100,2025-01-04,1,4,2,76.42
101,2025-01-04,2,1,1,99.33
102,2025-01-04,2,2,1,124.49
103,2025-01-04,2,3,1,99.66
104,2025-01-04,2,4,2,116.06
105,2025-01-04,3,1,1,106.0
106,2025-01-04,3,2,1,116.92
107,2025-01-04,3,3,1,105.75
108,2025-01-04,3,4,2,114.91
109,2025-01-04,4,1,1,147.6
110,2025-01-04,4,2,1,109.09
111,2025-01-04,4,3,1,141.52
112,2025-01-04,4,4,2,138.57
113,2025-01-04,5,1,1,141.09
114,2025-01-04,5,2,1,128.31
115,2025-01-04,5,3,1,151.08
116,2025-01-04,5,4,2,142.06
117,2025-01-04,6,1,1,168.49
118,2025-01-04,6,2,1,165.33
119,2025-01-04,6,3,1,189.03
120,2025-01-04,6,4,2,161.41
121,2025-01-04,7,1,1,164.65
122,2025-01-04,7,2,1,182.69
123,2025-01-04,7,3,1,183.3
124,2025-01-04,7,4,2,200.39
125,2025-01-04,8,1,1,207.53
126,2025-01-04,8,2,1,200.35
127,2025-01-04,8,3,1,216.95
128,2025-01-04,8,4,2,177.17
129,2025-01-05,1,1,1,80.4
130,2025-01-05,1,2,1,76.1
131,2025-01-05,1,3,1,84.15
132,2025-01-05,1,4,2,69.35
133,2025-01-05,2,1,1,114.53
134,2025-01-05,2,2,1,101.67
135,2025-01-05,2,3,1,82.94
136,2025-01-05,2,4,2,89.77
137,2025-01-05,3,1,1,124.7
138,2025-01-05,3,2,1,132.57
139,2025-01-05,3,3,1,149.95
140,2025-01-05,3,4,2,163.71
141,2025-01-05,4,1,1,141.22
142,2025-01-05,4,2,1,120.16
143,2025-01-05,4,3,1,103.02
144,2025-01-05,4,4,2,139.02
145,2025-01-05,5,1,1,137.81
146,2025-01-05,5,2,1,143.77
147,2025-01-05,5,3,1,140.82
148,2025-01-05,5,4,2,147.89
149,2025-01-05,6,1,1,180.99
150,2025-01-05,6,2,1,167.36
151,2025-01-05,6,3,1,162.62
152,2025-01-05,6,4,2,149.47
153,2025-01-05,7,1,1,154.88
154,2025-01-05,7,2,1,172.71
155,2025-01-05,7,3,1,179.19
156,2025-01-05,7,4,2,206.52
157,2025-01-05,8,1,1,196.95
158,2025-01-05,8,2,1,209.74
159,2025-01-05,8,3,1,187.51
160,2025-01-05,8,4,2,177.23
161,2025-01-06,1,1,1,75.52
162,2025-01-06,1,2,1,79.12
163,2025-01-06,1,3,1,121.93
164,2025-01-06,1,4,2,77.68
165,2025-01-06,2,1,1,117.58
166,2025-01-06,2,2,1,91.46
167,2025-01-06,2,3,1,118.97
168,2025-01-06,2,4,2,110.77
169,2025-01-06,3,1,1,117.65
170,2025-01-06,3,2,1,119.39
171,2025-01-06,3,3,1,110.18
172,2025-01-06,3,4,2,126.69
173,2025-01-06,4,1,1,128.18
174,2025-01-06,4,2,1,116.62
175,2025-01-06,4,3,1,115.83
176,2025-01-06,4,4,2,137.59
177,2025-01-06,5,1,1,173.69
178,2025-01-06,5,2,1,152.4
179,2025-01-06,5,3,1,148.22
180,2025-01-06,5,4,2,154.29
181,2025-01-06,6,1,1,184.59
182,2025-01-06,6,2,1,168.29
183,2025-01-06,6,3,1,158.84
184,2025-01-06,6,4,2,181.59
185,2025-01-06,7,1,1,186.43
186,2025-01-06,7,2,1,203.04
187,2025-01-06,7,3,1,182.75
188,2025-01-06,7,4,2,161.63
189,2025-01-06,8,1,1,174.48
190,2025-01-06,8,2,1,219.76
191,2025-01-06,8,3,1,220.85
192,2025-01-06,8,4,2,192.31
193,2025-01-07,1,1,1,84.25
194,2025-01-07,1,2,1,111.92
195,2025-01-07,1,3,1,73.39
196,2025-01-07,1,4,2,76.58
197,2025-01-07,2,1,1,114.65
198,2025-01-07,2,2,1,99.08
199,2025-01-07,2,3,1,104.92
200,2025-01-07,2,4,2,102.55
201,2025-01-07,3,1,1,125.06
202,2025-01-07,3,2,1,141.11
203,2025-01-07,3,3,1,121.36
204,2025-01-07,3,4,2,129.66
205,2025-01-07,4,1,1,104.25
206,2025-01-07,4,2,1,134.27
207,2025-01-07,4,3,1,122.35
208,2025-01-07,4,4,2,116.72
209,2025-01-07,5,1,1,136.83
210,2025-01-07,5,2,1,144.99
211,2025-01-07,5,3,1,163.74
212,2025-01-07,5,4,2,130.1
213,2025-01-07,6,1,1,165.46
214,2025-01-07,6,2,1,157.74
215,2025-01-07,6,3,1,160.08
216,2025-01-07,6,4,2,180.04
217,2025-01-07,7,1,1,188.07
218,2025-01-07,7,2,1,200.06
219,2025-01-07,7,3,1,177.68
220,2025-01-07,7,4,2,169.56
221,2025-01-07,8,1,1,191.64
222,2025-01-07,8,2,1,198.64
223,2025-01-07,8,3,1,197.65
224,2025-01-07,8,4,2,178.73
225,2025-01-08,1,1,1,91.36
226,2025-01-08,1,2,1,93.42
227,2025-01-08,1,3,1,127.76
228,2025-01-08,1,4,2,118.15
229,2025-01-08,2,1,1,92.2
230,2025-01-08,2,2,1,100.69
231,2025-01-08,2,3,1,83.05
232,2025-01-08,2,4,2,96.14
233,2025-01-08,3,1,1,124.73
234,2025-01-08,3,2,1,138.09
235,2025-01-08,3,3,1,109.06
236,2025-01-08,3,4,2,110.19
237,2025-01-08,4,1,1,102.79
238,2025-01-08,4,2,1,132.56
239,2025-01-08,4,3,1,119.06
240,2025-01-08,4,4,2,127.06
241,2025-01-08,5,1,1,136.85
242,2025-01-08,5,2,1,148.59
243,2025-01-08,5,3,1,123.63
244,2025-01-08,5,4,2,127.99
245,2025-01-08,6,1,1,196.94
246,2025-01-08,6,2,1,145.69
247,2025-01-08,6,3,1,148.55
248,2025-01-08,6,4,2,192.55
249,2025-01-08,7,1,1,223.58
250,2025-01-08,7,2,1,162.43
251,2025-01-08,7,3,1,174.48
252,2025-01-08,7,4,2,185.12
253,2025-01-08,8,1,1,220.93
254,2025-01-08,8,2,1,180.2
255,2025-01-08,8,3,1,191.32
256,2025-01-08,8,4,2,206.66
257,2025-01-09,1,1,1,96.52
258,2025-01-09,1,2,1,84.36
259,2025-01-09,1,3,1,87.99
260,2025-01-09,1,4,2,69.38
261,2025-01-09,2,1,1,101.43
262,2025-01-09,2,2,1,101.0
263,2025-01-09,2,3,1,108.48
264,2025-01-09,2,4,2,96.67
265,2025-01-09,3,1,1,127.07
266,2025-01-09,3,2,1,135.19
267,2025-01-09,3,3,1,122.33
268,2025-01-09,3,4,2,125.28
269,2025-01-09,4,1,1,135.8
270,2025-01-09,4,2,1,135.0
271,2025-01-09,4,3,1,124.18
272,2025-01-09,4,4,2,139.75
273,2025-01-09,5,1,1,148.54
274,2025-01-09,5,2,1,181.4
275,2025-01-09,5,3,1,173.6
276,2025-01-09,5,4,2,155.79
277,2025-01-09,6,1,1,153.55
278,2025-01-09,6,2,1,148.31
279,2025-01-09,6,3,1,182.87
280,2025-01-09,6,4,2,168.94
281,2025-01-09,7,1,1,187.2
282,2025-01-09,7,2,1,153.83
283,2025-01-09,7,3,1,193.91
284,2025-01-09,7,4,2,186.82
285,2025-01-09,8,1,1,178.34
286,2025-01-09,8,2,1,187.93
287,2025-01-09,8,3,1,198.96
288,2025-01-09,8,4,2,195.79
289,2025-01-10,1,1,1,85.62
290,2025-01-10,1,2,1,88.45
291,2025-01-10,1,3,1,86.22
292,2025-01-10,1,4,2,92.29
293,2025-01-10,2,1,1,127.07
294,2025-01-10,2,2,1,66.5
295,2025-01-10,2,3,1,101.45
296,2025-01-10,2,4,2,107.65
297,2025-01-10,3,1,1,124.44
298,2025-01-10,3,2,1,114.42
299,2025-01-10,3,3,1,93.65
300,2025-01-10,3,4,2,124.92
301,2025-01-10,4,1,1,160.91
302,2025-01-10,4,2,1,111.99
303,2025-01-10,4,3,1,147.96
304,2025-01-10,4,4,2,130.07
305,2025-01-10,5,1,1,149.08
306,2025-01-10,5,2,1,134.21
307,2025-01-10,5,3,1,144.98
308,2025-01-10,5,4,2,169.5
309,2025-01-10,6,1,1,173.74
310,2025-01-10,6,2,1,190.98
311,2025-01-10,6,3,1,182.66
312,2025-01-10,6,4,2,171.59
313,2025-01-10,7,1,1,206.16
314,2025-01-10,7,2,1,186.58
315,2025-01-10,7,3,1,192.42
316,2025-01-10,7,4,2,175.55
317,2025-01-10,8,1,1,196.0
318,2025-01-10,8,2,1,184.54
319,2025-01-10,8,3,1,209.84
320,2025-01-10,8,4,2,177.33
321,2025-01-11,1,1,1,101.74
322,2025-01-11,1,2,1,87.14
323,2025-01-11,1,3,1,107.57
324,2025-01-11,1,4,2,101.26
325,2025-01-11,2,1,1,132.31
326,2025-01-11,2,2,1,115.96
327,2025-01-11,2,3,1,81.42
328,2025-01-11,2,4,2,104.0
329,2025-01-11,3,1,1,102.42
330,2025-01-11,3,2,1,112.23
331,2025-01-11,3,3,1,142.67
332,2025-01-11,3,4,2,129.56
333,2025-01-11,4,1,1,124.52
334,2025-01-11,4,2,1,119.79
335,2025-01-11,4,3,1,135.49
336,2025-01-11,4,4,2,116.75
337,2025-01-11,5,1,1,139.93
338,2025-01-11,5,2,1,154.68
339,2025-01-11,5,3,1,167.33
340,2025-01-11,5,4,2,159.13
341,2025-01-11,6,1,1,130.63
342,2025-01-11,6,2,1,169.57
343,2025-01-11,6,3,1,166.08
344,2025-01-11,6,4,2,171.21
345,2025-01-11,7,1,1,204.24
346,2025-01-11,7,2,1,149.05
347,2025-01-11,7,3,1,171.13
348,2025-01-11,7,4,2,188.86
349,2025-01-11,8,1,1,171.28
350,2025-01-11,8,2,1,217.14
351,2025-01-11,8,3,1,200.53
352,2025-01-11,8,4,2,207.7
353,2025-01-12,1,1,1,81.44
354,2025-01-12,1,2,1,102.21
355,2025-01-12,1,3,1,106.03
356,2025-01-12,1,4,2,93.49
357,2025-01-12,2,1,1,108.52
358,2025-01-12,2,2,1,109.06
359,2025-01-12,2,3,1,92.05
360,2025-01-12,2,4,2,102.79
361,2025-01-12,3,1,1,117.71
362,2025-01-12,3,2,1,125.75
363,2025-01-12,3,3,1,135.0
364,2025-01-12,3,4,2,104.12
365,2025-01-12,4,1,1,133.12
366,2025-01-12,4,2,1,157.22
367,2025-01-12,4,3,1,123.85
368,2025-01-12,4,4,2,122.67
369,2025-01-12,5,1,1,153.03
370,2025-01-12,5,2,1,162.67
371,2025-01-12,5,3,1,150.17
372,2025-01-12,5,4,2,169.93
373,2025-01-12,6,1,1,177.85
374,2025-01-12,6,2,1,177.63
375,2025-01-12,6,3,1,173.31
376,2025-01-12,6,4,2,199.91
377,2025-01-12,7,1,1,176.92
378,2025-01-12,7,2,1,149.95
379,2025-01-12,7,3,1,204.06
380,2025-01-12,7,4,2,173.13
381,2025-01-12,8,1,1,196.62
382,2025-01-12,8,2,1,214.64
383,2025-01-12,8,3,1,170.97
384,2025-01-12,8,4,2,176.23
385,2025-01-13,1,1,1,65.98
386,2025-01-13,1,2,1,78.09
387,2025-01-13,1,3,1,96.59
388,2025-01-13,1,4,2,97.86
389,2025-01-13,2,1,1,109.14
390,2025-01-13,2,2,1,83.81
391,2025-01-13,2,3,1,70.35
392,2025-01-13,2,4,2,105.82
393,2025-01-13,3,1,1,112.92
394,2025-01-13,3,2,1,126.89
395,2025-01-13,3,3,1,130.53
396,2025-01-13,3,4,2,122.07
397,2025-01-13,4,1,1,146.4
398,2025-01-13,4,2,1,138.44
399,2025-01-13,4,3,1,142.95
400,2025-01-13,4,4,2,124.43
401,2025-01-13,5,1,1,147.31
402,2025-01-13,5,2,1,152.95
403,2025-01-13,5,3,1,162.31
404,2025-01-13,5,4,2,144.09
405,2025-01-13,6,1,1,172.82
406,2025-01-13,6,2,1,161.01
407,2025-01-13,6,3,1,163.24
408,2025-01-13,6,4,2,177.44
409,2025-01-13,7,1,1,150.1
410,2025-01-13,7,2,1,160.55
411,2025-01-13,7,3,1,157.77
412,2025-01-13,7,4,2,145.0
413,2025-01-13,8,1,1,184.83
414,2025-01-13,8,2,1,206.24
415,2025-01-13,8,3,1,190.73
416,2025-01-13,8,4,2,197.97
417,2025-01-14,1,1,1,106.34
418,2025-01-14,1,2,1,109.92
419,2025-01-14,1,3,1,88.96
420,2025-01-14,1,4,2,110.3
421,2025-01-14,2,1,1,106.38
422,2025-01-14,2,2,1,92.44
423,2025-01-14,2,3,1,96.08
424,2025-01-14,2,4,2,82.79
425,2025-01-14,3,1,1,106.68
426,2025-01-14,3,2,1,114.63
427,2025-01-14,3,3,1,132.05
428,2025-01-14,3,4,2,145.81
429,2025-01-14,4,1,1,114.27
430,2025-01-14,4,2,1,140.89
431,2025-01-14,4,3,1,119.39
432,2025-01-14,4,4,2,142.12
433,2025-01-14,5,1,1,148.03
434,2025-01-14,5,2,1,122.54
435,2025-01-14,5,3,1,163.92
436,2025-01-14,5,4,2,140.92
437,2025-01-14,6,1,1,156.99
438,2025-01-14,6,2,1,148.95
439,2025-01-14,6,3,1,155.19
440,2025-01-14,6,4,2,171.42
441,2025-01-14,7,1,1,177.16
442,2025-01-14,7,2,1,184.93
443,2025-01-14,7,3,1,185.43
444,2025-01-14,7,4,2,199.81
445,2025-01-14,8,1,1,189.86
446,2025-01-14,8,2,1,172.85
447,2025-01-14,8,3,1,211.01
448,2025-01-14,8,4,2,190.03
449,2025-01-15,1,1,1,106.72
450,2025-01-15,1,2,1,95.75
451,2025-01-15,1,3,1,88.03
452,2025-01-15,1,4,2,95.23
453,2025-01-15,2,1,1,134.27
454,2025-01-15,2,2,1,136.15
455,2025-01-15,2,3,1,106.04
456,2025-01-15,2,4,2,107.4
457,2025-01-15,3,1,1,136.14
458,2025-01-15,3,2,1,107.32
459,2025-01-15,3,3,1,125.0
460,2025-01-15,3,4,2,119.61
461,2025-01-15,4,1,1,139.71
462,2025-01-15,4,2,1,122.5
463,2025-01-15,4,3,1,111.16
464,2025-01-15,4,4,2,103.91
465,2025-01-15,5,1,1,133.24
466,2025-01-15,5,2,1,143.12
467,2025-01-15,5,3,1,145.6
468,2025-01-15,5,4,2,179.06
469,2025-01-15,6,1,1,181.59
470,2025-01-15,6,2,1,150.57
471,2025-01-15,6,3,1,170.22
472,2025-01-15,6,4,2,158.89
473,2025-01-15,7,1,1,175.73
474,2025-01-15,7,2,1,182.78
475,2025-01-15,7,3,1,189.29
476,2025-01-15,7,4,2,174.91
477,2025-01-15,8,1,1,210.96
478,2025-01-15,8,2,1,177.87
479,2025-01-15,8,3,1,195.1
480,2025-01-15,8,4,2,233.97
481,2025-01-16,1,1,1,93.35
482,2025-01-16,1,2,1,111.5
483,2025-01-16,1,3,1,91.37
484,2025-01-16,1,4,2,98.71
485,2025-01-16,2,1,1,104.15
486,2025-01-16,2,2,1,102.44
487,2025-01-16,2,3,1,93.31
488,2025-01-16,2,4,2,111.45
489,2025-01-16,3,1,1,107.23
490,2025-01-16,3,2,1,129.98
491,2025-01-16,3,3,1,136.28
492,2025-01-16,3,4,2,125.5
493,2025-01-16,4,1,1,130.71
494,2025-01-16,4,2,1,141.81
495,2025-01-16,4,3,1,130.37
496,2025-01-16,4,4,2,149.03
497,2025-01-16,5,1,1,122.53
498,2025-01-16,5,2,1,144.97
499,2025-01-16,5,3,1,120.14
500,2025-01-16,5,4,2,127.57
501,2025-01-16,6,1,1,185.46
502,2025-01-16,6,2,1,178.43
503,2025-01-16,6,3,1,154.21
504,2025-01-16,6,4,2,142.46
505,2025-01-16,7,1,1,135.53
506,2025-01-16,7,2,1,171.85
507,2025-01-16,7,3,1,216.31
508,2025-01-16,7,4,2,186.52
509,2025-01-16,8,1,1,186.61
510,2025-01-16,8,2,1,201.98
511,2025-01-16,8,3,1,171.59
512,2025-01-16,8,4,2,190.54
513,2025-01-17,1,1,1,91.49
514,2025-01-17,1,2,1,88.71
515,2025-01-17,1,3,1,101.86
516,2025-01-17,1,4,2,95.17
517,2025-01-17,2,1,1,115.02
518,2025-01-17,2,2,1,94.67
519,2025-01-17,2,3,1,118.47
520,2025-01-17,2,4,2,129.43
521,2025-01-17,3,1,1,105.45
522,2025-01-17,3,2,1,106.68
523,2025-01-17,3,3,1,140.04
524,2025-01-17,3,4,2,117.13
525,2025-01-17,4,1,1,156.06
526,2025-01-17,4,2,1,128.36
527,2025-01-17,4,3,1,156.83
528,2025-01-17,4,4,2,136.97
529,2025-01-17,5,1,1,153.87
530,2025-01-17,5,2,1,173.47
531,2025-01-17,5,3,1,144.57
532,2025-01-17,5,4,2,135.88
533,2025-01-17,6,1,1,158.27
534,2025-01-17,6,2,1,171.79
535,2025-01-17,6,3,1,141.51
536,2025-01-17,6,4,2,174.56
537,2025-01-17,7,1,1,171.92
538,2025-01-17,7,2,1,197.22
539,2025-01-17,7,3,1,144.09
540,2025-01-17,7,4,2,168.2
541,2025-01-17,8,1,1,169.7
542,2025-01-17,8,2,1,182.61
543,2025-01-17,8,3,1,198.71
544,2025-01-17,8,4,2,192.31
545,2025-01-18,1,1,1,86.2
546,2025-01-18,1,2,1,87.61
547,2025-01-18,1,3,1,93.05
548,2025-01-18,1,4,2,74.87
549,2025-01-18,2,1,1,115.6
550,2025-01-18,2,2,1,114.94
551,2025-01-18,2,3,1,110.78
552,2025-01-18,2,4,2,113.35
553,2025-01-18,3,1,1,124.45
554,2025-01-18,3,2,1,150.53
555,2025-01-18,3,3,1,118.69
556,2025-01-18,3,4,2,115.39
557,2025-01-18,4,1,1,123.7
558,2025-01-18,4,2,1,119.52
559,2025-01-18,4,3,1,116.33
560,2025-01-18,4,4,2,121.67
561,2025-01-18,5,1,1,148.94
562,2025-01-18,5,2,1,155.01
563,2025-01-18,5,3,1,150.77
564,2025-01-18,5,4,2,138.52
565,2025-01-18,6,1,1,178.5
566,2025-01-18,6,2,1,176.09
567,2025-01-18,6,3,1,162.61
568,2025-01-18,6,4,2,155.21
569,2025-01-18,7,1,1,188.23
570,2025-01-18,7,2,1,182.82
571,2025-01-18,7,3,1,158.28
572,2025-01-18,7,4,2,178.98
573,2025-01-18,8,1,1,198.93
574,2025-01-18,8,2,1,181.5
575,2025-01-18,8,3,1,197.85
576,2025-01-18,8,4,2,173.18
577,2025-01-19,1,1,1,110.04
578,2025-01-19,1,2,1,108.72
579,2025-01-19,1,3,1,86.21
580,2025-01-19,1,4,2,95.45
581,2025-01-19,2,1,1,68.85
582,2025-01-19,2,2,1,87.65
583,2025-01-19,2,3,1,100.59
584,2025-01-19,2,4,2,88.92
585,2025-01-19,3,1,1,130.72
586,2025-01-19,3,2,1,149.96
587,2025-01-19,3,3,1,102.35
588,2025-01-19,3,4,2,107.44
589,2025-01-19,4,1,1,138.53
590,2025-01-19,4,2,1,159.17
591,2025-01-19,4,3,1,116.66
592,2025-01-19,4,4,2,138.74
593,2025-01-19,5,1,1,177.32
594,2025-01-19,5,2,1,125.22
595,2025-01-19,5,3,1,130.78
596,2025-01-19,5,4,2,143.65
597,2025-01-19,6,1,1,157.19
598,2025-01-19,6,2,1,177.19
599,2025-01-19,6,3,1,168.62
600,2025-01-19,6,4,2,138.38
601,2025-01-19,7,1,1,187.73
602,2025-01-19,7,2,1,171.34
603,2025-01-19,7,3,1,199.12
604,2025-01-19,7,4,2,170.59
605,2025-01-19,8,1,1,185.45
606,2025-01-19,8,2,1,203.12
607,2025-01-19,8,3,1,206.44
608,2025-01-19,8,4,2,201.72
609,2025-01-20,1,1,1,64.72
610,2025-01-20,1,2,1,98.07
611,2025-01-20,1,3,1,74.49
612,2025-01-20,1,4,2,93.53
613,2025-01-20,2,1,1,83.64
614,2025-01-20,2,2,1,111.69
615,2025-01-20,2,3,1,92.9
616,2025-01-20,2,4,2,85.76
617,2025-01-20,3,1,1,130.71
618,2025-01-20,3,2,1,123.62
619,2025-01-20,3,3,1,110.79
620,2025-01-20,3,4,2,141.77
621,2025-01-20,4,1,1,128.39
622,2025-01-20,4,2,1,135.48
623,2025-01-20,4,3,1,139.03
624,2025-01-20,4,4,2,125.71
625,2025-01-20,5,1,1,157.07
626,2025-01-20,5,2,1,142.0
627,2025-01-20,5,3,1,143.83
628,2025-01-20,5,4,2,170.44
629,2025-01-20,6,1,1,149.39
630,2025-01-20,6,2,1,128.81
631,2025-01-20,6,3,1,189.16
632,2025-01-20,6,4,2,203.24
633,2025-01-20,7,1,1,173.92
634,2025-01-20,7,2,1,150.95
635,2025-01-20,7,3,1,175.34
636,2025-01-20,7,4,2,175.71
637,2025-01-20,8,1,1,192.15
638,2025-01-20,8,2,1,178.3
639,2025-01-20,8,3,1,203.69
640,2025-01-20,8,4,2,202.87
641,2025-01-21,1,1,1,67.58
642,2025-01-21,1,2,1,100.49
643,2025-01-21,1,3,1,120.79
644,2025-01-21,1,4,2,92.58
645,2025-01-21,2,1,1,99.94
646,2025-01-21,2,2,1,102.87
647,2025-01-21,2,3,1,114.23
648,2025-01-21,2,4,2,79.04
649,2025-01-21,3,1,1,122.47
650,2025-01-21,3,2,1,114.14
651,2025-01-21,3,3,1,147.72
652,2025-01-21,3,4,2,117.39
653,2025-01-21,4,1,1,160.02
654,2025-01-21,4,2,1,118.44
655,2025-01-21,4,3,1,143.81
656,2025-01-21,4,4,2,139.79
657,2025-01-21,5,1,1,136.96
658,2025-01-21,5,2,1,152.66
659,2025-01-21,5,3,1,168.19
660,2025-01-21,5,4,2,145.14
661,2025-01-21,6,1,1,139.62
662,2025-01-21,6,2,1,164.74
663,2025-01-21,6,3,1,151.46
664,2025-01-21,6,4,2,159.86
665,2025-01-21,7,1,1,178.78
666,2025-01-21,7,2,1,154.42
667,2025-01-21,7,3,1,155.77
668,2025-01-21,7,4,2,187.23
669,2025-01-21,8,1,1,187.16
670,2025-01-21,8,2,1,156.53
671,2025-01-21,8,3,1,206.77
672,2025-01-21,8,4,2,199.09
673,2025-01-22,1,1,1,79.29
674,2025-01-22,1,2,1,70.25
675,2025-01-22,1,3,1,102.54
676,2025-01-22,1,4,2,95.24
677,2025-01-22,2,1,1,140.74
678,2025-01-22,2,2,1,111.3
679,2025-01-22,2,3,1,110.82
680,2025-01-22,2,4,2,102.5
681,2025-01-22,3,1,1,132.25
682,2025-01-22,3,2,1,129.38
683,2025-01-22,3,3,1,138.78
684,2025-01-22,3,4,2,112.18
685,2025-01-22,4,1,1,128.47
686,2025-01-22,4,2,1,127.81
687,2025-01-22,4,3,1,146.86
688,2025-01-22,4,4,2,157.48
689,2025-01-22,5,1,1,143.12
690,2025-01-22,5,2,1,143.63
691,2025-01-22,5,3,1,154.71
692,2025-01-22,5,4,2,146.31
693,2025-01-22,6,1,1,179.28
694,2025-01-22,6,2,1,131.22
695,2025-01-22,6,3,1,152.6
696,2025-01-22,6,4,2,153.26
697,2025-01-22,7,1,1,145.19
698,2025-01-22,7,2,1,165.55
699,2025-01-22,7,3,1,166.27
700,2025-01-22,7,4,2,176.98
701,2025-01-22,8,1,1,211.69
702,2025-01-22,8,2,1,191.32
703,2025-01-22,8,3,1,179.54
704,2025-01-22,8,4,2,194.15
705,2025-01-23,1,1,1,105.74
706,2025-01-23,1,2,1,75.36
707,2025-01-23,1,3,1,76.34
708,2025-01-23,1,4,2,98.38
709,2025-01-23,2,1,1,101.68
710,2025-01-23,2,2,1,114.71
711,2025-01-23,2,3,1,104.8
712,2025-01-23,2,4,2,115.52
713,2025-01-23,3,1,1,104.47
714,2025-01-23,3,2,1,119.82
715,2025-01-23,3,3,1,116.84
716,2025-01-23,3,4,2,101.76
717,2025-01-23,4,1,1,111.55
718,2025-01-23,4,2,1,145.29
719,2025-01-23,4,3,1,129.74
720,2025-01-23,4,4,2,119.67
721,2025-01-23,5,1,1,148.56
722,2025-01-23,5,2,1,166.92
723,2025-01-23,5,3,1,115.79
724,2025-01-23,5,4,2,127.55
725,2025-01-23,6,1,1,151.16
726,2025-01-23,6,2,1,186.92
727,2025-01-23,6,3,1,169.24
728,2025-01-23,6,4,2,176.51
729,2025-01-23,7,1,1,162.9
730,2025-01-23,7,2,1,163.21
731,2025-01-23,7,3,1,186.72
732,2025-01-23,7,4,2,180.87
733,2025-01-23,8,1,1,203.23
734,2025-01-23,8,2,1,192.18
735,2025-01-23,8,3,1,199.17
736,2025-01-23,8,4,2,197.37
737,2025-01-24,1,1,1,101.67
738,2025-01-24,1,2,1,102.11
739,2025-01-24,1,3,1,65.7
740,2025-01-24,1,4,2,56.29
741,2025-01-24,2,1,1,120.03
742,2025-01-24,2,2,1,122.82
743,2025-01-24,2,3,1,89.69
744,2025-01-24,2,4,2,77.1
745,2025-01-24,3,1,1,121.49
746,2025-01-24,3,2,1,133.96
747,2025-01-24,3,3,1,146.96
748,2025-01-24,3,4,2,127.74
749,2025-01-24,4,1,1,129.42
750,2025-01-24,4,2,1,121.6
751,2025-01-24,4,3,1,135.17
752,2025-01-24,4,4,2,130.51
753,2025-01-24,5,1,1,134.77
754,2025-01-24,5,2,1,180.73
755,2025-01-24,5,3,1,176.78
756,2025-01-24,5,4,2,167.04
757,2025-01-24,6,1,1,151.19
758,2025-01-24,6,2,1,177.83
759,2025-01-24,6,3,1,174.59
760,2025-01-24,6,4,2,171.64
761,2025-01-24,7,1,1,198.74
762,2025-01-24,7,2,1,189.53
763,2025-01-24,7,3,1,191.1
764,2025-01-24,7,4,2,189.55
765,2025-01-24,8,1,1,200.11
766,2025-01-24,8,2,1,168.25
767,2025-01-24,8,3,1,196.25
768,2025-01-24,8,4,2,186.66
769,2025-01-25,1,1,1,70.8
770,2025-01-25,1,2,1,115.23
771,2025-01-25,1,3,1,115.93
772,2025-01-25,1,4,2,110.39
773,2025-01-25,2,1,1,108.83
774,2025-01-25,2,2,1,125.26
775,2025-01-25,2,3,1,105.18
776,2025-01-25,2,4,2,108.04
777,2025-01-25,3,1,1,103.6
778,2025-01-25,3,2,1,125.95
779,2025-01-25,3,3,1,120.91
780,2025-01-25,3,4,2,100.46
781,2025-01-25,4,1,1,134.23
782,2025-01-25,4,2,1,133.8
783,2025-01-25,4,3,1,161.96
784,2025-01-25,4,4,2,148.41
785,2025-01-25,5,1,1,150.17
786,2025-01-25,5,2,1,153.73
787,2025-01-25,5,3,1,150.66
788,2025-01-25,5,4,2,146.96
789,2025-01-25,6,1,1,148.76
790,2025-01-25,6,2,1,162.73
791,2025-01-25,6,3,1,153.81
792,2025-01-25,6,4,2,146.25
793,2025-01-25,7,1,1,187.67
794,2025-01-25,7,2,1,185.87
795,2025-01-25,7,3,1,153.2
796,2025-01-25,7,4,2,178.16
797,2025-01-25,8,1,1,209.94
798,2025-01-25,8,2,1,210.89
799,2025-01-25,8,3,1,210.39
800,2025-01-25,8,4,2,195.58
801,2025-01-26,1,1,1,77.32
802,2025-01-26,1,2,1,73.74
803,2025-01-26,1,3,1,95.17
804,2025-01-26,1,4,2,95.69
805,2025-01-26,2,1,1,124.31
806,2025-01-26,2,2,1,121.5
807,2025-01-26,2,3,1,103.02
808,2025-01-26,2,4,2,86.34
809,2025-01-26,3,1,1,115.21
810,2025-01-26,3,2,1,123.26
811,2025-01-26,3,3,1,116.97
812,2025-01-26,3,4,2,111.33
813,2025-01-26,4,1,1,138.79
814,2025-01-26,4,2,1,127.44
815,2025-01-26,4,3,1,125.58
816,2025-01-26,4,4,2,139.67
817,2025-01-26,5,1,1,143.97
818,2025-01-26,5,2,1,153.66
819,2025-01-26,5,3,1,154.1
820,2025-01-26,5,4,2,132.91
821,2025-01-26,6,1,1,157.78
822,2025-01-26,6,2,1,186.57
823,2025-01-26,6,3,1,147.57
824,2025-01-26,6,4,2,133.25
825,2025-01-26,7,1,1,152.07
826,2025-01-26,7,2,1,180.44
827,2025-01-26,7,3,1,180.46
828,2025-01-26,7,4,2,178.24
829,2025-01-26,8,1,1,213.21
830,2025-01-26,8,2,1,154.91
831,2025-01-26,8,3,1,200.94
832,2025-01-26,8,4,2,218.42
833,2025-01-27,1,1,1,73.08
834,2025-01-27,1,2,1,84.3
835,2025-01-27,1,3,1,78.71
836,2025-01-27,1,4,2,76.58
837,2025-01-27,2,1,1,100.11
838,2025-01-27,2,2,1,126.41
839,2025-01-27,2,3,1,132.56
840,2025-01-27,2,4,2,99.96
841,2025-01-27,3,1,1,148.58
842,2025-01-27,3,2,1,120.53
843,2025-01-27,3,3,1,146.31
844,2025-01-27,3,4,2,118.6
845,2025-01-27,4,1,1,136.97
846,2025-01-27,4,2,1,140.48
847,2025-01-27,4,3,1,182.68
848,2025-01-27,4,4,2,147.77
849,2025-01-27,5,1,1,139.39
850,2025-01-27,5,2,1,164.53
851,2025-01-27,5,3,1,144.57
852,2025-01-27,5,4,2,142.65
853,2025-01-27,6,1,1,178.63
854,2025-01-27,6,2,1,165.47
855,2025-01-27,6,3,1,169.18
856,2025-01-27,6,4,2,165.21
857,2025-01-27,7,1,1,185.05
858,2025-01-27,7,2,1,186.37
859,2025-01-27,7,3,1,150.95
860,2025-01-27,7,4,2,190.0
861,2025-01-27,8,1,1,180.27
862,2025-01-27,8,2,1,173.37
863,2025-01-27,8,3,1,194.12
864,2025-01-27,8,4,2,196.26
865,2025-01-28,1,1,1,79.6
866,2025-01-28,1,2,1,102.47
867,2025-01-28,1,3,1,69.87
868,2025-01-28,1,4,2,83.9
869,2025-01-28,2,1,1,96.23
870,2025-01-28,2,2,1,104.3
871,2025-01-28,2,3,1,109.18
872,2025-01-28,2,4,2,89.88
873,2025-01-28,3,1,1,130.86
874,2025-01-28,3,2,1,120.95
875,2025-01-28,3,3,1,91.62
876,2025-01-28,3,4,2,90.62
877,2025-01-28,4,1,1,134.82
878,2025-01-28,4,2,1,131.69
879,2025-01-28,4,3,1,133.45
880,2025-01-28,4,4,2,134.58
881,2025-01-28,5,1,1,153.38
882,2025-01-28,5,2,1,164.21
883,2025-01-28,5,3,1,133.33
884,2025-01-28,5,4,2,132.42
885,2025-01-28,6,1,1,148.6
886,2025-01-28,6,2,1,169.33
887,2025-01-28,6,3,1,183.67
888,2025-01-28,6,4,2,158.53
889,2025-01-28,7,1,1,142.47
890,2025-01-28,7,2,1,154.44
891,2025-01-28,7,3,1,167.5
892,2025-01-28,7,4,2,171.63
893,2025-01-28,8,1,1,188.87
894,2025-01-28,8,2,1,195.58
895,2025-01-28,8,3,1,190.32
896,2025-01-28,8,4,2,210.74
897,2025-01-29,1,1,1,79.86
898,2025-01-29,1,2,1,77.07
899,2025-01-29,1,3,1,97.18
900,2025-01-29,1,4,2,66.97
901,2025-01-29,2,1,1,110.85
902,2025-01-29,2,2,1,106.54
903,2025-01-29,2,3,1,102.79
904,2025-01-29,2,4,2,128.82
905,2025-01-29,3,1,1,110.67
906,2025-01-29,3,2,1,150.9
907,2025-01-29,3,3,1,116.62
908,2025-01-29,3,4,2,100.84
909,2025-01-29,4,1,1,136.05
910,2025-01-29,4,2,1,118.86
911,2025-01-29,4,3,1,123.72
912,2025-01-29,4,4,2,140.96
913,2025-01-29,5,1,1,158.33
914,2025-01-29,5,2,1,140.67
915,2025-01-29,5,3,1,164.81
916,2025-01-29,5,4,2,167.36
917,2025-01-29,6,1,1,186.54
918,2025-01-29,6,2,1,172.94
919,2025-01-29,6,3,1,185.45
920,2025-01-29,6,4,2,136.79
921,2025-01-29,7,1,1,175.23
922,2025-01-29,7,2,1,166.99
923,2025-01-29,7,3,1,181.79
924,2025-01-29,7,4,2,171.43
925,2025-01-29,8,1,1,192.51
926,2025-01-29,8,2,1,223.23
927,2025-01-29,8,3,1,192.45
928,2025-01-29,8,4,2,201.21
929,2025-01-30,1,1,1,86.52
930,2025-01-30,1,2,1,91.14
931,2025-01-30,1,3,1,90.09
932,2025-01-30,1,4,2,96.72
933,2025-01-30,2,1,1,122.48
934,2025-01-30,2,2,1,129.71
935,2025-01-30,2,3,1,109.64
936,2025-01-30,2,4,2,113.84
937,2025-01-30,3,1,1,102.74
938,2025-01-30,3,2,1,118.68
939,2025-01-30,3,3,1,134.1
940,2025-01-30,3,4,2,132.99
941,2025-01-30,4,1,1,138.17
942,2025-01-30,4,2,1,148.3
943,2025-01-30,4,3,1,142.36
944,2025-01-30,4,4,2,153.0
945,2025-01-30,5,1,1,154.34
946,2025-01-30,5,2,1,144.66
947,2025-01-30,5,3,1,155.04
948,2025-01-30,5,4,2,106.04
949,2025-01-30,6,1,1,170.74
950,2025-01-30,6,2,1,110.27
951,2025-01-30,6,3,1,139.15
952,2025-01-30,6,4,2,171.78
953,2025-01-30,7,1,1,187.16
954,2025-01-30,7,2,1,162.56
955,2025-01-30,7,3,1,169.32
956,2025-01-30,7,4,2,200.56
957,2025-01-30,8,1,1,187.74
958,2025-01-30,8,2,1,228.64
959,2025-01-30,8,3,1,194.97
960,2025-01-30,8,4,2,201.12
961,2025-01-31,1,1,1,114.25
962,2025-01-31,1,2,1,91.97
963,2025-01-31,1,3,1,74.96
964,2025-01-31,1,4,2,88.35
965,2025-01-31,2,1,1,104.47
966,2025-01-31,2,2,1,84.53
967,2025-01-31,2,3,1,101.16
968,2025-01-31,2,4,2,93.87
969,2025-01-31,3,1,1,133.87
970,2025-01-31,3,2,1,120.52
971,2025-01-31,3,3,1,115.76
972,2025-01-31,3,4,2,118.41
973,2025-01-31,4,1,1,138.35
974,2025-01-31,4,2,1,144.25
975,2025-01-31,4,3,1,120.0
976,2025-01-31,4,4,2,119.38
977,2025-01-31,5,1,1,166.57
978,2025-01-31,5,2,1,143.81
979,2025-01-31,5,3,1,128.75
980,2025-01-31,5,4,2,156.66
981,2025-01-31,6,1,1,171.95
982,2025-01-31,6,2,1,142.04
983,2025-01-31,6,3,1,168.44
984,2025-01-31,6,4,2,176.03
985,2025-01-31,7,1,1,185.62
986,2025-01-31,7,2,1,189.48
987,2025-01-31,7,3,1,158.94
988,2025-01-31,7,4,2,184.97
989,2025-01-31,8,1,1,190.46
990,2025-01-31,8,2,1,187.76
991,2025-01-31,8,3,1,208.06
992,2025-01-31,8,4,2,217.19
993,2025-02-01,1,1,1,116.92
994,2025-02-01,1,2,1,109.72
995,2025-02-01,1,3,1,88.35
996,2025-02-01,1,4,2,95.29
997,2025-02-01,2,1,1,116.5
998,2025-02-01,2,2,1,106.82
999,2025-02-01,2,3,1,106.96
1000,2025-02-01,2,4,2,117.36
1001,2025-02-01,3,1,1,119.11
1002,2025-02-01,3,2,1,109.06
1003,2025-02-01,3,3,1,113.78
1004,2025-02-01,3,4,2,129.51
1005,2025-02-01,4,1,1,135.04
1006,2025-02-01,4,2,1,140.1
1007,2025-02-01,4,3,1,145.05
1008,2025-02-01,4,4,2,129.38
1009,2025-02-01,5,1,1,161.34
1010,2025-02-01,5,2,1,155.68
1011,2025-02-01,5,3,1,131.48
1012,2025-02-01,5,4,2,171.63
1013,2025-02-01,6,1,1,157.49
1014,2025-02-01,6,2,1,140.17
1015,2025-02-01,6,3,1,149.32
1016,2025-02-01,6,4,2,149.68
1017,2025-02-01,7,1,1,180.78
1018,2025-02-01,7,2,1,175.89
1019,2025-02-01,7,3,1,174.95
1020,2025-02-01,7,4,2,189.3
1021,2025-02-01,8,1,1,200.1
1022,2025-02-01,8,2,1,199.74
1023,2025-02-01,8,3,1,201.15
1024,2025-02-01,8,4,2,204.24
1025,2025-02-02,1,1,1,58.38
1026,2025-02-02,1,2,1,84.53
1027,2025-02-02,1,3,1,57.3
1028,2025-02-02,1,4,2,90.54
1029,2025-02-02,2,1,1,104.93
1030,2025-02-02,2,2,1,120.68
1031,2025-02-02,2,3,1,122.81
1032,2025-02-02,2,4,2,108.04
1033,2025-02-02,3,1,1,112.49
1034,2025-02-02,3,2,1,127.28
1035,2025-02-02,3,3,1,112.08
1036,2025-02-02,3,4,2,119.98
1037,2025-02-02,4,1,1,149.79
1038,2025-02-02,4,2,1,126.63
1039,2025-02-02,4,3,1,147.09
1040,2025-02-02,4,4,2,145.16
1041,2025-02-02,5,1,1,135.68
1042,2025-02-02,5,2,1,164.61
1043,2025-02-02,5,3,1,160.48
1044,2025-02-02,5,4,2,151.53
1045,2025-02-02,6,1,1,153.57
1046,2025-02-02,6,2,1,152.11
1047,2025-02-02,6,3,1,156.94
1048,2025-02-02,6,4,2,173.14
1049,2025-02-02,7,1,1,165.67
1050,2025-02-02,7,2,1,186.56
1051,2025-02-02,7,3,1,161.37
1052,2025-02-02,7,4,2,176.94
1053,2025-02-02,8,1,1,196.64
1054,2025-02-02,8,2,1,231.68
1055,2025-02-02,8,3,1,174.34
1056,2025-02-02,8,4,2,217.08
1057,2025-02-03,1,1,1,92.25
1058,2025-02-03,1,2,1,96.17
1059,2025-02-03,1,3,1,91.78
1060,2025-02-03,1,4,2,96.67
1061,2025-02-03,2,1,1,102.69
1062,2025-02-03,2,2,1,126.81
1063,2025-02-03,2,3,1,98.15
1064,2025-02-03,2,4,2,121.98
1065,2025-02-03,3,1,1,110.33
1066,2025-02-03,3,2,1,119.1
1067,2025-02-03,3,3,1,103.92
1068,2025-02-03,3,4,2,126.83
1069,2025-02-03,4,1,1,156.68
1070,2025-02-03,4,2,1,133.84
1071,2025-02-03,4,3,1,132.05
1072,2025-02-03,4,4,2,118.28
1073,2025-02-03,5,1,1,146.56
1074,2025-02-03,5,2,1,126.11
1075,2025-02-03,5,3,1,136.31
1076,2025-02-03,5,4,2,153.4
1077,2025-02-03,6,1,1,184.79
1078,2025-02-03,6,2,1,207.14
1079,2025-02-03,6,3,1,156.2
1080,2025-02-03,6,4,2,186.53
1081,2025-02-03,7,1,1,183.66
1082,2025-02-03,7,2,1,177.73
1083,2025-02-03,7,3,1,186.49
1084,2025-02-03,7,4,2,180.93
1085,2025-02-03,8,1,1,196.66
1086,2025-02-03,8,2,1,188.88
1087,2025-02-03,8,3,1,174.03
1088,2025-02-03,8,4,2,171.85
1089,2025-02-04,1,1,1,99.8
1090,2025-02-04,1,2,1,85.85
1091,2025-02-04,1,3,1,81.06
1092,2025-02-04,1,4,2,90.13
1093,2025-02-04,2,1,1,116.92
1094,2025-02-04,2,2,1,107.71
1095,2025-02-04,2,3,1,95.16
1096,2025-02-04,2,4,2,123.39
1097,2025-02-04,3,1,1,143.69
1098,2025-02-04,3,2,1,127.42
1099,2025-02-04,3,3,1,134.6
1100,2025-02-04,3,4,2,138.63
1101,2025-02-04,4,1,1,151.95
1102,2025-02-04,4,2,1,144.21
1103,2025-02-04,4,3,1,143.98
1104,2025-02-04,4,4,2,142.79
1105,2025-02-04,5,1,1,133.54
1106,2025-02-04,5,2,1,160.51
1107,2025-02-04,5,3,1,129.66
1108,2025-02-04,5,4,2,138.08
1109,2025-02-04,6,1,1,184.55
1110,2025-02-04,6,2,1,177.6
1111,2025-02-04,6,3,1,187.31
1112,2025-02-04,6,4,2,160.92
1113,2025-02-04,7,1,1,162.72
1114,2025-02-04,7,2,1,176.39
1115,2025-02-04,7,3,1,181.53
1116,2025-02-04,7,4,2,181.18
1117,2025-02-04,8,1,1,212.01
1118,2025-02-04,8,2,1,189.58
1119,2025-02-04,8,3,1,200.28
1120,2025-02-04,8,4,2,180.17
1121,2025-02-05,1,1,1,96.75
1122,2025-02-05,1,2,1,90.05
1123,2025-02-05,1,3,1,78.75
1124,2025-02-05,1,4,2,86.46
1125,2025-02-05,2,1,1,102.24
1126,2025-02-05,2,2,1,100.95
1127,2025-02-05,2,3,1,131.57
1128,2025-02-05,2,4,2,103.52
1129,2025-02-05,3,1,1,116.34
1130,2025-02-05,3,2,1,88.54
1131,2025-02-05,3,3,1,106.59
1132,2025-02-05,3,4,2,116.05
1133,2025-02-05,4,1,1,124.71
1134,2025-02-05,4,2,1,155.73
1135,2025-02-05,4,3,1,132.53
1136,2025-02-05,4,4,2,154.33
1137,2025-02-05,5,1,1,150.93
1138,2025-02-05,5,2,1,150.56
1139,2025-02-05,5,3,1,148.67
1140,2025-02-05,5,4,2,150.06
1141,2025-02-05,6,1,1,190.78
1142,2025-02-05,6,2,1,130.21
1143,2025-02-05,6,3,1,134.98
1144,2025-02-05,6,4,2,156.85
1145,2025-02-05,7,1,1,180.22
1146,2025-02-05,7,2,1,190.35
1147,2025-02-05,7,3,1,187.1
1148,2025-02-05,7,4,2,174.24
1149,2025-02-05,8,1,1,210.29
1150,2025-02-05,8,2,1,210.45
1151,2025-02-05,8,3,1,197.76
1152,2025-02-05,8,4,2,209.44
1153,2025-02-06,1,1,1,94.09
1154,2025-02-06,1,2,1,81.58
1155,2025-02-06,1,3,1,100.47
1156,2025-02-06,1,4,2,91.66
1157,2025-02-06,2,1,1,105.02
1158,2025-02-06,2,2,1,127.09
1159,2025-02-06,2,3,1,68.24
1160,2025-02-06,2,4,2,83.73
1161,2025-02-06,3,1,1,102.19
1162,2025-02-06,3,2,1,114.55
1163,2025-02-06,3,3,1,116.18
1164,2025-02-06,3,4,2,97.39
1165,2025-02-06,4,1,1,120.22
1166,2025-02-06,4,2,1,122.09
1167,2025-02-06,4,3,1,171.86
1168,2025-02-06,4,4,2,162.03
1169,2025-02-06,5,1,1,143.82
1170,2025-02-06,5,2,1,144.55
1171,2025-02-06,5,3,1,132.76
1172,2025-02-06,5,4,2,121.38
1173,2025-02-06,6,1,1,163.25
1174,2025-02-06,6,2,1,150.03
1175,2025-02-06,6,3,1,163.73
1176,2025-02-06,6,4,2,141.0
1177,2025-02-06,7,1,1,168.57
1178,2025-02-06,7,2,1,182.23
1179,2025-02-06,7,3,1,185.49
1180,2025-02-06,7,4,2,186.26
1181,2025-02-06,8,1,1,175.19
1182,2025-02-06,8,2,1,207.82
1183,2025-02-06,8,3,1,183.0
1184,2025-02-06,8,4,2,204.49
1185,2025-02-07,1,1,1,89.84
1186,2025-02-07,1,2,1,69.35
1187,2025-02-07,1,3,1,85.26
1188,2025-02-07,1,4,2,95.48
1189,2025-02-07,2,1,1,114.19
1190,2025-02-07,2,2,1,102.89
1191,2025-02-07,2,3,1,127.98
1192,2025-02-07,2,4,2,120.11
1193,2025-02-07,3,1,1,116.15
1194,2025-02-07,3,2,1,131.25
1195,2025-02-07,3,3,1,149.01
1196,2025-02-07,3,4,2,149.41
1197,2025-02-07,4,1,1,116.58
1198,2025-02-07,4,2,1,121.1
1199,2025-02-07,4,3,1,157.27
1200,2025-02-07,4,4,2,119.13
1201,2025-02-07,5,1,1,130.16
1202,2025-02-07,5,2,1,142.71
1203,2025-02-07,5,3,1,156.3
1204,2025-02-07,5,4,2,148.46
1205,2025-02-07,6,1,1,155.24
1206,2025-02-07,6,2,1,154.89
1207,2025-02-07,6,3,1,154.31
1208,2025-02-07,6,4,2,151.81
1209,2025-02-07,7,1,1,214.22
1210,2025-02-07,7,2,1,184.46
1211,2025-02-07,7,3,1,193.3
1212,2025-02-07,7,4,2,172.66
1213,2025-02-07,8,1,1,192.21
1214,2025-02-07,8,2,1,184.3
1215,2025-02-07,8,3,1,155.22
1216,2025-02-07,8,4,2,174.33
1217,2025-02-08,1,1,1,62.84
1218,2025-02-08,1,2,1,56.25
1219,2025-02-08,1,3,1,72.07
1220,2025-02-08,1,4,2,109.87
1221,2025-02-08,2,1,1,104.33
1222,2025-02-08,2,2,1,124.36
1223,2025-02-08,2,3,1,111.16
1224,2025-02-08,2,4,2,116.74
1225,2025-02-08,3,1,1,106.49
1226,2025-02-08,3,2,1,127.86
1227,2025-02-08,3,3,1,130.93
1228,2025-02-08,3,4,2,111.35
1229,2025-02-08,4,1,1,143.39
1230,2025-02-08,4,2,1,143.49
1231,2025-02-08,4,3,1,126.76
1232,2025-02-08,4,4,2,118.16
1233,2025-02-08,5,1,1,132.24
1234,2025-02-08,5,2,1,151.3
1235,2025-02-08,5,3,1,154.91
1236,2025-02-08,5,4,2,138.11
1237,2025-02-08,6,1,1,165.4
1238,2025-02-08,6,2,1,173.56
1239,2025-02-08,6,3,1,174.27
1240,2025-02-08,6,4,2,188.28
1241,2025-02-08,7,1,1,199.15
1242,2025-02-08,7,2,1,164.98
1243,2025-02-08,7,3,1,205.25
1244,2025-02-08,7,4,2,172.04
1245,2025-02-08,8,1,1,210.67
1246,2025-02-08,8,2,1,196.02
1247,2025-02-08,8,3,1,188.82
1248,2025-02-08,8,4,2,167.88
1249,2025-02-09,1,1,1,87.43
1250,2025-02-09,1,2,1,66.61
1251,2025-02-09,1,3,1,104.51
1252,2025-02-09,1,4,2,112.75
1253,2025-02-09,2,1,1,93.05
1254,2025-02-09,2,2,1,109.53
1255,2025-02-09,2,3,1,94.12
1256,2025-02-09,2,4,2,95.57
1257,2025-02-09,3,1,1,131.62
1258,2025-02-09,3,2,1,119.42
1259,2025-02-09,3,3,1,146.09
1260,2025-02-09,3,4,2,112.77
1261,2025-02-09,4,1,1,149.99
1262,2025-02-09,4,2,1,136.46
1263,2025-02-09,4,3,1,146.94
1264,2025-02-09,4,4,2,128.29
1265,2025-02-09,5,1,1,149.26
1266,2025-02-09,5,2,1,148.27
1267,2025-02-09,5,3,1,137.46
1268,2025-02-09,5,4,2,159.93
1269,2025-02-09,6,1,1,174.75
1270,2025-02-09,6,2,1,173.9
1271,2025-02-09,6,3,1,188.05
1272,2025-02-09,6,4,2,186.74
1273,2025-02-09,7,1,1,174.38
1274,2025-02-09,7,2,1,185.6
1275,2025-02-09,7,3,1,170.65
1276,2025-02-09,7,4,2,180.35
1277,2025-02-09,8,1,1,186.0
1278,2025-02-09,8,2,1,219.3
1279,2025-02-09,8,3,1,200.46
1280,2025-02-09,8,4,2,191.73
1281,2025-02-10,1,1,1,107.9
1282,2025-02-10,1,2,1,57.44
1283,2025-02-10,1,3,1,59.79
1284,2025-02-10,1,4,2,101.94
1285,2025-02-10,2,1,1,105.91
1286,2025-02-10,2,2,1,108.76
1287,2025-02-10,2,3,1,85.1
1288,2025-02-10,2,4,2,104.65
1289,2025-02-10,3,1,1,150.05
1290,2025-02-10,3,2,1,132.36
1291,2025-02-10,3,3,1,122.55
1292,2025-02-10,3,4,2,113.41
1293,2025-02-10,4,1,1,129.08
1294,2025-02-10,4,2,1,103.06
1295,2025-02-10,4,3,1,138.86
1296,2025-02-10,4,4,2,147.68
1297,2025-02-10,5,1,1,126.37
1298,2025-02-10,5,2,1,140.08
1299,2025-02-10,5,3,1,132.64
1300,2025-02-10,5,4,2,135.52
1301,2025-02-10,6,1,1,165.8
1302,2025-02-10,6,2,1,133.73
1303,2025-02-10,6,3,1,174.21
1304,2025-02-10,6,4,2,176.31
1305,2025-02-10,7,1,1,176.23
1306,2025-02-10,7,2,1,142.79
1307,2025-02-10,7,3,1,165.05
1308,2025-02-10,7,4,2,198.49
1309,2025-02-10,8,1,1,153.33
1310,2025-02-10,8,2,1,189.79
1311,2025-02-10,8,3,1,177.3
1312,2025-02-10,8,4,2,207.07
1313,2025-02-11,1,1,1,79.87
1314,2025-02-11,1,2,1,96.06
1315,2025-02-11,1,3,1,98.48
1316,2025-02-11,1,4,2,117.54
1317,2025-02-11,2,1,1,101.96
1318,2025-02-11,2,2,1,110.64
1319,2025-02-11,2,3,1,82.72
1320,2025-02-11,2,4,2,122.86
1321,2025-02-11,3,1,1,108.59
1322,2025-02-11,3,2,1,111.59
1323,2025-02-11,3,3,1,119.67
1324,2025-02-11,3,4,2,96.56
1325,2025-02-11,4,1,1,138.43
1326,2025-02-11,4,2,1,149.51
1327,2025-02-11,4,3,1,139.39
1328,2025-02-11,4,4,2,111.17
1329,2025-02-11,5,1,1,148.14
1330,2025-02-11,5,2,1,161.13
1331,2025-02-11,5,3,1,121.83
1332,2025-02-11,5,4,2,133.88
1333,2025-02-11,6,1,1,178.15
1334,2025-02-11,6,2,1,169.05
1335,2025-02-11,6,3,1,171.18
1336,2025-02-11,6,4,2,192.89
1337,2025-02-11,7,1,1,187.03
1338,2025-02-11,7,2,1,189.87
1339,2025-02-11,7,3,1,220.66
1340,2025-02-11,7,4,2,176.79
1341,2025-02-11,8,1,1,183.03
1342,2025-02-11,8,2,1,201.42
1343,2025-02-11,8,3,1,201.58
1344,2025-02-11,8,4,2,187.1
1345,2025-02-12,1,1,1,74.51
1346,2025-02-12,1,2,1,124.65
1347,2025-02-12,1,3,1,94.9
1348,2025-02-12,1,4,2,79.02
1349,2025-02-12,2,1,1,118.74
1350,2025-02-12,2,2,1,103.36
1351,2025-02-12,2,3,1,101.21
1352,2025-02-12,2,4,2,113.43
1353,2025-02-12,3,1,1,100.62
1354,2025-02-12,3,2,1,125.29
1355,2025-02-12,3,3,1,148.69
1356,2025-02-12,3,4,2,126.99
1357,2025-02-12,4,1,1,129.36
1358,2025-02-12,4,2,1,127.39
1359,2025-02-12,4,3,1,128.84
1360,2025-02-12,4,4,2,131.19
1361,2025-02-12,5,1,1,144.33
1362,2025-02-12,5,2,1,163.74
1363,2025-02-12,5,3,1,124.0
1364,2025-02-12,5,4,2,162.93
1365,2025-02-12,6,1,1,159.3
1366,2025-02-12,6,2,1,170.65
1367,2025-02-12,6,3,1,148.1
1368,2025-02-12,6,4,2,184.93
1369,2025-02-12,7,1,1,198.68
1370,2025-02-12,7,2,1,194.39
1371,2025-02-12,7,3,1,157.28
1372,2025-02-12,7,4,2,192.44
1373,2025-02-12,8,1,1,201.07
1374,2025-02-12,8,2,1,170.92
1375,2025-02-12,8,3,1,194.64
1376,2025-02-12,8,4,2,200.47
1377,2025-02-13,1,1,1,98.34
1378,2025-02-13,1,2,1,92.66
1379,2025-02-13,1,3,1,94.37
1380,2025-02-13,1,4,2,112.1
1381,2025-02-13,2,1,1,1.5
1382,2025-02-13,2,2,1,1.5
1383,2025-02-13,2,3,1,1.5
1384,2025-02-13,2,4,2,1.5
1385,2025-02-13,3,1,1,93.72
1386,2025-02-13,3,2,1,121.41
1387,2025-02-13,3,3,1,138.73
1388,2025-02-13,3,4,2,103.7
1389,2025-02-13,4,1,1,140.05
1390,2025-02-13,4,2,1,121.26
1391,2025-02-13,4,3,1,124.92
1392,2025-02-13,4,4,2,157.16
1393,2025-02-13,5,1,1,141.86
1394,2025-02-13,5,2,1,156.93
1395,2025-02-13,5,3,1,121.93
1396,2025-02-13,5,4,2,177.93
1397,2025-02-13,6,1,1,174.04
1398,2025-02-13,6,2,1,162.26
1399,2025-02-13,6,3,1,173.63
1400,2025-02-13,6,4,2,143.85
1401,2025-02-13,7,1,1,197.74
1402,2025-02-13,7,2,1,175.14
1403,2025-02-13,7,3,1,176.94
1404,2025-02-13,7,4,2,172.63
1405,2025-02-13,8,1,1,186.29
1406,2025-02-13,8,2,1,205.42
1407,2025-02-13,8,3,1,198.84
1408,2025-02-13,8,4,2,204.78
1409,2025-02-14,1,1,1,89.87
1410,2025-02-14,1,2,1,97.7
1411,2025-02-14,1,3,1,83.72
1412,2025-02-14,1,4,2,123.45
1413,2025-02-14,2,1,1,81.48
1414,2025-02-14,2,2,1,123.91
1415,2025-02-14,2,3,1,125.52
1416,2025-02-14,2,4,2,92.22
1417,2025-02-14,3,1,1,153.44
1418,2025-02-14,3,2,1,134.93
1419,2025-02-14,3,3,1,134.57
1420,2025-02-14,3,4,2,120.42
1421,2025-02-14,4,1,1,131.74
1422,2025-02-14,4,2,1,131.86
1423,2025-02-14,4,3,1,140.86
1424,2025-02-14,4,4,2,156.02
1425,2025-02-14,5,1,1,152.72
1426,2025-02-14,5,2,1,136.33
1427,2025-02-14,5,3,1,162.37
1428,2025-02-14,5,4,2,163.82
1429,2025-02-14,6,1,1,174.82
1430,2025-02-14,6,2,1,176.18
1431,2025-02-14,6,3,1,160.94
1432,2025-02-14,6,4,2,151.07
1433,2025-02-14,7,1,1,166.98
1434,2025-02-14,7,2,1,155.47
1435,2025-02-14,7,3,1,183.55
1436,2025-02-14,7,4,2,178.75
1437,2025-02-14,8,1,1,188.4
1438,2025-02-14,8,2,1,150.67
1439,2025-02-14,8,3,1,176.29
1440,2025-02-14,8,4,2,211.81
1441,2025-02-15,1,1,1,80.03
1442,2025-02-15,1,2,1,95.41
1443,2025-02-15,1,3,1,69.14
1444,2025-02-15,1,4,2,111.58
1445,2025-02-15,2,1,1,102.84
1446,2025-02-15,2,2,1,109.35
1447,2025-02-15,2,3,1,139.89
1448,2025-02-15,2,4,2,127.75
1449,2025-02-15,3,1,1,115.4
1450,2025-02-15,3,2,1,111.1
1451,2025-02-15,3,3,1,115.12
1452,2025-02-15,3,4,2,127.65
1453,2025-02-15,4,1,1,133.42
1454,2025-02-15,4,2,1,129.07
1455,2025-02-15,4,3,1,157.01
1456,2025-02-15,4,4,2,133.29
1457,2025-02-15,5,1,1,184.49
1458,2025-02-15,5,2,1,151.36
1459,2025-02-15,5,3,1,176.78
1460,2025-02-15,5,4,2,155.36
1461,2025-02-15,6,1,1,179.44
1462,2025-02-15,6,2,1,154.13
1463,2025-02-15,6,3,1,152.19
1464,2025-02-15,6,4,2,171.9
1465,2025-02-15,7,1,1,194.83
1466,2025-02-15,7,2,1,180.6
1467,2025-02-15,7,3,1,160.7
1468,2025-02-15,7,4,2,159.6
1469,2025-02-15,8,1,1,173.59
1470,2025-02-15,8,2,1,168.49
1471,2025-02-15,8,3,1,196.64
1472,2025-02-15,8,4,2,211.88
1473,2025-02-16,1,1,1,89.8
1474,2025-02-16,1,2,1,56.09
1475,2025-02-16,1,3,1,87.14
1476,2025-02-16,1,4,2,87.56
1477,2025-02-16,2,1,1,136.44
1478,2025-02-16,2,2,1,83.14
1479,2025-02-16,2,3,1,99.14
1480,2025-02-16,2,4,2,130.59
1481,2025-02-16,3,1,1,126.75
1482,2025-02-16,3,2,1,128.45
1483,2025-02-16,3,3,1,121.72
1484,2025-02-16,3,4,2,124.95
1485,2025-02-16,4,1,1,146.66
1486,2025-02-16,4,2,1,122.86
1487,2025-02-16,4,3,1,148.17
1488,2025-02-16,4,4,2,114.4
1489,2025-02-16,5,1,1,154.93
1490,2025-02-16,5,2,1,152.68
1491,2025-02-16,5,3,1,140.76
1492,2025-02-16,5,4,2,149.66
1493,2025-02-16,6,1,1,155.66
1494,2025-02-16,6,2,1,148.92
1495,2025-02-16,6,3,1,159.7
1496,2025-02-16,6,4,2,148.44
1497,2025-02-16,7,1,1,184.84
1498,2025-02-16,7,2,1,162.75
1499,2025-02-16,7,3,1,190.68
1500,2025-02-16,7,4,2,162.28
1501,2025-02-16,8,1,1,186.51
1502,2025-02-16,8,2,1,185.63
1503,2025-02-16,8,3,1,214.88
1504,2025-02-16,8,4,2,199.95
1505,2025-02-17,1,1,1,86.82
1506,2025-02-17,1,2,1,97.48
1507,2025-02-17,1,3,1,58.39
1508,2025-02-17,1,4,2,89.35
1509,2025-02-17,2,1,1,134.96
1510,2025-02-17,2,2,1,106.99
1511,2025-02-17,2,3,1,106.02
1512,2025-02-17,2,4,2,113.22
1513,2025-02-17,3,1,1,133.43
1514,2025-02-17,3,2,1,90.04
1515,2025-02-17,3,3,1,94.77
1516,2025-02-17,3,4,2,123.15
1517,2025-02-17,4,1,1,124.28
1518,2025-02-17,4,2,1,154.68
1519,2025-02-17,4,3,1,130.27
1520,2025-02-17,4,4,2,105.98
1521,2025-02-17,5,1,1,130.98
1522,2025-02-17,5,2,1,108.75
1523,2025-02-17,5,3,1,146.49
1524,2025-02-17,5,4,2,147.17
1525,2025-02-17,6,1,1,158.63
1526,2025-02-17,6,2,1,181.18
1527,2025-02-17,6,3,1,182.98
1528,2025-02-17,6,4,2,162.44
1529,2025-02-17,7,1,1,147.98
1530,2025-02-17,7,2,1,189.26
1531,2025-02-17,7,3,1,188.33
1532,2025-02-17,7,4,2,184.64
1533,2025-02-17,8,1,1,209.72
1534,2025-02-17,8,2,1,177.53
1535,2025-02-17,8,3,1,225.13
1536,2025-02-17,8,4,2,180.61
1537,2025-02-18,1,1,1,101.24
1538,2025-02-18,1,2,1,64.69
1539,2025-02-18,1,3,1,76.05
1540,2025-02-18,1,4,2,112.75
1541,2025-02-18,2,1,1,101.09
1542,2025-02-18,2,2,1,117.6
1543,2025-02-18,2,3,1,108.55
1544,2025-02-18,2,4,2,103.43
1545,2025-02-18,3,1,1,140.46
1546,2025-02-18,3,2,1,116.45
1547,2025-02-18,3,3,1,93.29
1548,2025-02-18,3,4,2,107.95
1549,2025-02-18,4,1,1,143.27
1550,2025-02-18,4,2,1,140.93
1551,2025-02-18,4,3,1,111.49
1552,2025-02-18,4,4,2,124.13
1553,2025-02-18,5,1,1,141.27
1554,2025-02-18,5,2,1,144.52
1555,2025-02-18,5,3,1,129.36
1556,2025-02-18,5,4,2,140.57
1557,2025-02-18,6,1,1,154.07
1558,2025-02-18,6,2,1,176.57
1559,2025-02-18,6,3,1,177.14
1560,2025-02-18,6,4,2,162.81
1561,2025-02-18,7,1,1,174.12
1562,2025-02-18,7,2,1,182.1
1563,2025-02-18,7,3,1,167.75
1564,2025-02-18,7,4,2,162.8
1565,2025-02-18,8,1,1,180.9
1566,2025-02-18,8,2,1,185.48
1567,2025-02-18,8,3,1,177.55
1568,2025-02-18,8,4,2,197.43
1569,2025-02-19,1,1,1,100.95
1570,2025-02-19,1,2,1,66.19
1571,2025-02-19,1,3,1,90.38
1572,2025-02-19,1,4,2,86.7
1573,2025-02-19,2,1,1,110.12
1574,2025-02-19,2,2,1,104.81
1575,2025-02-19,2,3,1,83.2
1576,2025-02-19,2,4,2,86.06
1577,2025-02-19,3,1,1,120.44
1578,2025-02-19,3,2,1,135.43
1579,2025-02-19,3,3,1,86.79
1580,2025-02-19,3,4,2,125.19
1581,2025-02-19,4,1,1,152.84
1582,2025-02-19,4,2,1,132.7
1583,2025-02-19,4,3,1,143.25
1584,2025-02-19,4,4,2,124.45
1585,2025-02-19,5,1,1,148.21
1586,2025-02-19,5,2,1,125.69
1587,2025-02-19,5,3,1,114.83
1588,2025-02-19,5,4,2,164.14
1589,2025-02-19,6,1,1,150.23
1590,2025-02-19,6,2,1,158.17
1591,2025-02-19,6,3,1,144.2
1592,2025-02-19,6,4,2,143.85
1593,2025-02-19,7,1,1,177.39
1594,2025-02-19,7,2,1,169.06
1595,2025-02-19,7,3,1,185.67
1596,2025-02-19,7,4,2,186.79
1597,2025-02-19,8,1,1,199.81
1598,2025-02-19,8,2,1,198.58
1599,2025-02-19,8,3,1,218.67
1600,2025-02-19,8,4,2,178.99
1601,2025-02-20,1,1,1,89.18
1602,2025-02-20,1,2,1,106.99
1603,2025-02-20,1,3,1,108.97
1604,2025-02-20,1,4,2,68.67
1605,2025-02-20,2,1,1,100.31
1606,2025-02-20,2,2,1,125.37
1607,2025-02-20,2,3,1,112.62
1608,2025-02-20,2,4,2,107.93
1609,2025-02-20,3,1,1,116.73
1610,2025-02-20,3,2,1,114.24
1611,2025-02-20,3,3,1,124.32
1612,2025-02-20,3,4,2,116.21
1613,2025-02-20,4,1,1,134.36
1614,2025-02-20,4,2,1,136.18
1615,2025-02-20,4,3,1,124.83
1616,2025-02-20,4,4,2,142.98
1617,2025-02-20,5,1,1,600.0
1618,2025-02-20,5,2,1,600.0
1619,2025-02-20,5,3,1,600.0
1620,2025-02-20,5,4,2,600.0
1621,2025-02-20,6,1,1,173.66
1622,2025-02-20,6,2,1,165.7
1623,2025-02-20,6,3,1,176.43
1624,2025-02-20,6,4,2,182.63
1625,2025-02-20,7,1,1,182.89
1626,2025-02-20,7,2,1,196.98
1627,2025-02-20,7,3,1,144.84
1628,2025-02-20,7,4,2,203.86
1629,2025-02-20,8,1,1,200.63
1630,2025-02-20,8,2,1,211.17
1631,2025-02-20,8,3,1,176.7
1632,2025-02-20,8,4,2,182.54
1633,2025-02-21,1,1,1,92.19
1634,2025-02-21,1,2,1,89.74
1635,2025-02-21,1,3,1,94.25
1636,2025-02-21,1,4,2,106.27
1637,2025-02-21,2,1,1,78.52
1638,2025-02-21,2,2,1,119.61
1639,2025-02-21,2,3,1,105.12
1640,2025-02-21,2,4,2,101.94
1641,2025-02-21,3,1,1,97.93
1642,2025-02-21,3,2,1,127.55
1643,2025-02-21,3,3,1,83.79
1644,2025-02-21,3,4,2,129.73
1645,2025-02-21,4,1,1,112.62
1646,2025-02-21,4,2,1,135.8
1647,2025-02-21,4,3,1,133.21
1648,2025-02-21,4,4,2,152.54
1649,2025-02-21,5,1,1,147.32
1650,2025-02-21,5,2,1,139.59
1651,2025-02-21,5,3,1,142.4
1652,2025-02-21,5,4,2,169.09
1653,2025-02-21,6,1,1,173.04
1654,2025-02-21,6,2,1,159.22
1655,2025-02-21,6,3,1,161.45
1656,2025-02-21,6,4,2,141.49
1657,2025-02-21,7,1,1,185.83
1658,2025-02-21,7,2,1,153.6
1659,2025-02-21,7,3,1,191.28
1660,2025-02-21,7,4,2,181.93
1661,2025-02-21,8,1,1,230.8
1662,2025-02-21,8,2,1,178.5
1663,2025-02-21,8,3,1,193.46
1664,2025-02-21,8,4,2,221.97
1665,2025-02-22,1,1,1,107.87
1666,2025-02-22,1,2,1,79.56
1667,2025-02-22,1,3,1,93.36
1668,2025-02-22,1,4,2,90.03
1669,2025-02-22,2,1,1,109.23
1670,2025-02-22,2,2,1,94.52
1671,2025-02-22,2,3,1,103.66
1672,2025-02-22,2,4,2,81.03
1673,2025-02-22,3,1,1,122.03
1674,2025-02-22,3,2,1,126.75
1675,2025-02-22,3,3,1,116.59
1676,2025-02-22,3,4,2,95.77
1677,2025-02-22,4,1,1,149.83
1678,2025-02-22,4,2,1,140.47
1679,2025-02-22,4,3,1,124.11
1680,2025-02-22,4,4,2,130.79
1681,2025-02-22,5,1,1,127.49
1682,2025-02-22,5,2,1,134.62
1683,2025-02-22,5,3,1,141.93
1684,2025-02-22,5,4,2,168.43
1685,2025-02-22,6,1,1,155.41
1686,2025-02-22,6,2,1,174.6
1687,2025-02-22,6,3,1,156.93
1688,2025-02-22,6,4,2,168.72
1689,2025-02-22,7,1,1,177.88
1690,2025-02-22,7,2,1,193.1
1691,2025-02-22,7,3,1,171.98
1692,2025-02-22,7,4,2,156.41
1693,2025-02-22,8,1,1,174.27
1694,2025-02-22,8,2,1,187.02
1695,2025-02-22,8,3,1,176.26
1696,2025-02-22,8,4,2,201.15
1697,2025-02-23,1,1,1,83.01
1698,2025-02-23,1,2,1,125.62
1699,2025-02-23,1,3,1,63.93
1700,2025-02-23,1,4,2,93.05
1701,2025-02-23,2,1,1,88.08
1702,2025-02-23,2,2,1,97.6
1703,2025-02-23,2,3,1,107.12
1704,2025-02-23,2,4,2,70.12
1705,2025-02-23,3,1,1,123.55
1706,2025-02-23,3,2,1,148.54
1707,2025-02-23,3,3,1,113.2
1708,2025-02-23,3,4,2,123.9
1709,2025-02-23,4,1,1,150.37
1710,2025-02-23,4,2,1,132.54
1711,2025-02-23,4,3,1,126.29
1712,2025-02-23,4,4,2,100.86
1713,2025-02-23,5,1,1,159.61
1714,2025-02-23,5,2,1,148.3
1715,2025-02-23,5,3,1,134.81
1716,2025-02-23,5,4,2,151.9
1717,2025-02-23,6,1,1,156.24
1718,2025-02-23,6,2,1,157.07
1719,2025-02-23,6,3,1,174.09
1720,2025-02-23,6,4,2,144.92
1721,2025-02-23,7,1,1,195.71
1722,2025-02-23,7,2,1,159.03
1723,2025-02-23,7,3,1,170.06
1724,2025-02-23,7,4,2,208.84
1725,2025-02-23,8,1,1,211.91
1726,2025-02-23,8,2,1,196.46
1727,2025-02-23,8,3,1,180.89
1728,2025-02-23,8,4,2,187.06
1729,2025-02-24,1,1,1,91.1
1730,2025-02-24,1,2,1,90.56
1731,2025-02-24,1,3,1,88.64
1732,2025-02-24,1,4,2,89.54
1733,2025-02-24,2,1,1,101.78
1734,2025-02-24,2,2,1,83.37
1735,2025-02-24,2,3,1,97.25
1736,2025-02-24,2,4,2,118.72
1737,2025-02-24,3,1,1,99.47
1738,2025-02-24,3,2,1,117.16
1739,2025-02-24,3,3,1,107.7
1740,2025-02-24,3,4,2,121.67
1741,2025-02-24,4,1,1,129.17
1742,2025-02-24,4,2,1,157.16
1743,2025-02-24,4,3,1,142.6
1744,2025-02-24,4,4,2,115.32
1745,2025-02-24,5,1,1,160.07
1746,2025-02-24,5,2,1,138.38
1747,2025-02-24,5,3,1,141.35
1748,2025-02-24,5,4,2,154.71
1749,2025-02-24,6,1,1,157.62
1750,2025-02-24,6,2,1,178.39
1751,2025-02-24,6,3,1,153.38
1752,2025-02-24,6,4,2,155.72
1753,2025-02-24,7,1,1,170.15
1754,2025-02-24,7,2,1,171.52
1755,2025-02-24,7,3,1,196.49
1756,2025-02-24,7,4,2,189.43
1757,2025-02-24,8,1,1,220.65
1758,2025-02-24,8,2,1,229.01
1759,2025-02-24,8,3,1,179.54
1760,2025-02-24,8,4,2,196.06
1761,2025-02-25,1,1,1,72.36
1762,2025-02-25,1,2,1,78.34
1763,2025-02-25,1,3,1,80.55
1764,2025-02-25,1,4,2,74.14
1765,2025-02-25,2,1,1,89.22
1766,2025-02-25,2,2,1,102.84
1767,2025-02-25,2,3,1,86.75
1768,2025-02-25,2,4,2,117.63
1769,2025-02-25,3,1,1,106.23
1770,2025-02-25,3,2,1,162.14
1771,2025-02-25,3,3,1,113.23
1772,2025-02-25,3,4,2,121.08
1773,2025-02-25,4,1,1,115.57
1774,2025-02-25,4,2,1,160.59
1775,2025-02-25,4,3,1,151.79
1776,2025-02-25,4,4,2,139.45
1777,2025-02-25,5,1,1,129.8
1778,2025-02-25,5,2,1,153.16
1779,2025-02-25,5,3,1,133.18
1780,2025-02-25,5,4,2,171.94
1781,2025-02-25,6,1,1,177.14
1782,2025-02-25,6,2,1,166.43
1783,2025-02-25,6,3,1,128.45
1784,2025-02-25,6,4,2,150.25
1785,2025-02-25,7,1,1,190.32
1786,2025-02-25,7,2,1,198.19
1787,2025-02-25,7,3,1,196.64
1788,2025-02-25,7,4,2,156.12
1789,2025-02-25,8,1,1,199.52
1790,2025-02-25,8,2,1,210.23
1791,2025-02-25,8,3,1,170.12
1792,2025-02-25,8,4,2,194.88
1793,2025-02-26,1,1,1,94.11
1794,2025-02-26,1,2,1,85.49
1795,2025-02-26,1,3,1,62.22
1796,2025-02-26,1,4,2,85.11
1797,2025-02-26,2,1,1,100.09
1798,2025-02-26,2,2,1,102.78
1799,2025-02-26,2,3,1,96.55
1800,2025-02-26,2,4,2,98.35
1801,2025-02-26,3,1,1,119.4
1802,2025-02-26,3,2,1,126.64
1803,2025-02-26,3,3,1,115.43
1804,2025-02-26,3,4,2,113.86
1805,2025-02-26,4,1,1,136.39
1806,2025-02-26,4,2,1,106.19
1807,2025-02-26,4,3,1,142.16
1808,2025-02-26,4,4,2,134.99
1809,2025-02-26,5,1,1,150.6
1810,2025-02-26,5,2,1,164.41
1811,2025-02-26,5,3,1,120.71
1812,2025-02-26,5,4,2,120.39
1813,2025-02-26,6,1,1,169.11
1814,2025-02-26,6,2,1,164.89
1815,2025-02-26,6,3,1,167.55
1816,2025-02-26,6,4,2,158.07
1817,2025-02-26,7,1,1,189.97
1818,2025-02-26,7,2,1,193.99
1819,2025-02-26,7,3,1,187.26
1820,2025-02-26,7,4,2,176.09
1821,2025-02-26,8,1,1,163.38
1822,2025-02-26,8,2,1,206.54
1823,2025-02-26,8,3,1,213.33
1824,2025-02-26,8,4,2,204.67
1825,2025-02-27,1,1,1,76.81
1826,2025-02-27,1,2,1,100.11
1827,2025-02-27,1,3,1,102.91
1828,2025-02-27,1,4,2,113.38
1829,2025-02-27,2,1,1,91.86
1830,2025-02-27,2,2,1,101.6
1831,2025-02-27,2,3,1,116.21
1832,2025-02-27,2,4,2,105.86
1833,2025-02-27,3,1,1,103.24
1834,2025-02-27,3,2,1,126.22
1835,2025-02-27,3,3,1,128.68
1836,2025-02-27,3,4,2,121.32
1837,2025-02-27,4,1,1,138.29
1838,2025-02-27,4,2,1,131.12
1839,2025-02-27,4,3,1,157.17
1840,2025-02-27,4,4,2,121.49
1841,2025-02-27,5,1,1,141.19
1842,2025-02-27,5,2,1,150.16
1843,2025-02-27,5,3,1,163.18
1844,2025-02-27,5,4,2,127.54
1845,2025-02-27,6,1,1,145.35
1846,2025-02-27,6,2,1,134.43
1847,2025-02-27,6,3,1,165.49
1848,2025-02-27,6,4,2,148.23
1849,2025-02-27,7,1,1,174.23
1850,2025-02-27,7,2,1,189.92
1851,2025-02-27,7,3,1,170.38
1852,2025-02-27,7,4,2,183.47
1853,2025-02-27,8,1,1,190.51
1854,2025-02-27,8,2,1,205.08
1855,2025-02-27,8,3,1,202.13
1856,2025-02-27,8,4,2,184.62
1857,2025-02-28,1,1,1,87.47
1858,2025-02-28,1,2,1,105.66
1859,2025-02-28,1,3,1,95.9
1860,2025-02-28,1,4,2,69.05
1861,2025-02-28,2,1,1,114.83
1862,2025-02-28,2,2,1,88.73
1863,2025-02-28,2,3,1,126.19
1864,2025-02-28,2,4,2,120.36
1865,2025-02-28,3,1,1,124.35
1866,2025-02-28,3,2,1,122.36
1867,2025-02-28,3,3,1,116.86
1868,2025-02-28,3,4,2,130.18
1869,2025-02-28,4,1,1,129.44
1870,2025-02-28,4,2,1,138.53
1871,2025-02-28,4,3,1,148.08
1872,2025-02-28,4,4,2,126.57
1873,2025-02-28,5,1,1,140.76
1874,2025-02-28,5,2,1,132.08
1875,2025-02-28,5,3,1,134.03
1876,2025-02-28,5,4,2,122.57
1877,2025-02-28,6,1,1,175.95
1878,2025-02-28,6,2,1,192.13
1879,2025-02-28,6,3,1,186.38
1880,2025-02-28,6,4,2,140.61
1881,2025-02-28,7,1,1,190.87
1882,2025-02-28,7,2,1,201.33
1883,2025-02-28,7,3,1,173.15
1884,2025-02-28,7,4,2,181.52
1885,2025-02-28,8,1,1,164.88
1886,2025-02-28,8,2,1,199.0
1887,2025-02-28,8,3,1,179.05
1888,2025-02-28,8,4,2,197.99
1889,2025-03-01,1,1,1,66.58
1890,2025-03-01,1,2,1,98.14
1891,2025-03-01,1,3,1,105.37
1892,2025-03-01,1,4,2,78.25
1893,2025-03-01,2,1,1,87.95
1894,2025-03-01,2,2,1,72.66
1895,2025-03-01,2,3,1,101.0
1896,2025-03-01,2,4,2,96.28
1897,2025-03-01,3,1,1,96.73
1898,2025-03-01,3,2,1,126.8
1899,2025-03-01,3,3,1,113.25
1900,2025-03-01,3,4,2,103.86
1901,2025-03-01,4,1,1,126.68
1902,2025-03-01,4,2,1,151.07
1903,2025-03-01,4,3,1,144.04
1904,2025-03-01,4,4,2,133.05
1905,2025-03-01,5,1,1,159.29
1906,2025-03-01,5,2,1,132.59
1907,2025-03-01,5,3,1,150.49
1908,2025-03-01,5,4,2,152.21
1909,2025-03-01,6,1,1,157.95
1910,2025-03-01,6,2,1,171.53
1911,2025-03-01,6,3,1,153.29
1912,2025-03-01,6,4,2,172.65
1913,2025-03-01,7,1,1,188.28
1914,2025-03-01,7,2,1,136.24
1915,2025-03-01,7,3,1,197.85
1916,2025-03-01,7,4,2,134.29
1917,2025-03-01,8,1,1,185.76
1918,2025-03-01,8,2,1,210.38
1919,2025-03-01,8,3,1,190.24
1920,2025-03-01,8,4,2,173.01
