Merchant,Prediction
Amanda Rogers,0
Andrea Contreras,0
Andrew Moore & Garcia,0
Angela Campbell & Barton,0
Armstrong,1
Baker,0
Benjamin Sanders & Pollard,1
Brady,0
Brandon Cox,0
Brian Solis,0
Brittany Grant & Ford,0
Cameron Oliver,0
Carla Long & Grant,0
Carlson,0
Cassandra Brown & Moreno,0
Courtney Ewing,1
Cynthia Mcknight & Miller,0
Cynthia Middleton,0
Cynthia Young,0
Daniel Macdonald,0
David Sanders & Jones,0
Dennis Freeman & Lindsey,0
Douglas,0
Dunn,0
Ebony Green & Wright,0
Edward Campbell & Nelson,0
Elizabeth Anderson & Valentine,0
Eric Valdez,0
Gina Brown,0
Graham,1
Guerra,0
Harvey,1
Heather Adams & Lopez,0
Henderson,0
Hudson,0
Jacob Donovan,0
Jacob Harris & Yoder,0
James Kelly & Parker,1
James Rodriguez & Johnson,0
Jamie Schroeder & Cabrera,0
Javier Hoffman,0
Jennifer Russell,1
Jessica Bowman,0
Jessica Watkins & Robinson,0
Jimenez,0
John Daniels & Thomas,0
John Smith,0
John White & Washington,0
Jonathan Marshall & Anderson,0
Joseph Keith & Robinson,0
Joshua Garcia & Mcdonald,0
Katelyn Cooper & Cook,1
Kaylee Reyes,0
Kevin Moore,0
Kevin Robinson & Mitchell,0
Klein,0
Kristin Perry,0
Laura Davis,0
Laura Wood,1
Lee,0
Lewis,0
Lisa Bailey & Walker,1
Lisa Nichols,0
Louis Hill,0
Lowery,1
Matthew Ramirez,0
Matthew Rodriguez & Owens,0
Michael Hebert & Mccoy,1
Michelle Gilbert & Berger,0
Miller,0
Morgan Smith,0
Morris,0
Nash,0
Nicholas Ramos & Glenn,0
Nicole Reynolds & Ball,0
Noah Avila,0
Owen,0
Patton,1
Paul Dominguez,0
Paul Williams & Thomas,0
Pena,0
Powell,0
Rachel Johnson & Perry,0
Raymond Roberts & Jenkins,0
Robert Brown & Jackson,0
Rodriguez,0
Ronald Stephens & Campbell,0
Sanchez,0
Sandra Sutton,0
Sara Hart & Edwards,0
Sarah Murray,0
Scott Patton & Fox,0
Smith,0
Stephanie Atkinson & Carpenter,0
Steven Blankenship & Martin,0
Tasha Lopez,0
Thomas,1
Tracy Porter & Hawkins,0
Turner,0
Valerie Phillips & Ward,0
Vaughn,0
Walker,0
Walter Ashley & Moreno,0
Wilson,0
Woods,1
